<?xml version='1.0' encoding='utf-8' standalone='yes' ?>
<map>
    <int name="AF_CACHE_VERSION" value="1" />
    <string name="prev_event_name">free_trial_page_viewed</string>
    <long name="prev_event_timestamp" value="1771573792158" />
    <boolean name="didSendRevenueTriggerOnLastBackground" value="false" />
    <int name="appsFlyerInAppEventCount" value="10" />
    <long name="prev_session_dur" value="3" />
    <boolean name="ddl_sent" value="true" />
    <long name="af_rc_max_age" value="86400" />
    <string name="sentSuccessfully">true</string>
    <int name="versionCode" value="5040900" />
    <string name="af_remote_config">eyJmZWF0dXJlcyI6e30sInZlciI6ImRlZmF1bHQudjEuMTYzNzE0OTUyOSJ9</string>
    <string name="savedProperties">{&quot;waitForCustomerId&quot;:&quot;false&quot;,&quot;logLevel&quot;:&quot;0&quot;,&quot;userEmails&quot;:&quot;{\&quot;plain_el_arr\&quot;:[\&quot;null\&quot;]}&quot;,&quot;AppUserId&quot;:&quot;296891482&quot;,&quot;userEmailsCryptType&quot;:&quot;0&quot;}</string>
    <string name="AF_INSTALLATION">1771573515808-6799350227483481190</string>
    <boolean name="afUninstallToken_queued" value="false" />
    <int name="appsFlyerCount" value="3" />
    <long name="AppsFlyerTimePassedSincePrevLaunch" value="1771573786527" />
    <long name="af_rc_timestamp" value="1771573694673" />
    <string name="appsFlyerFirstInstall">2026-02-20_154516+0800</string>
    <string name="attributionId">{&quot;install_time&quot;:&quot;2026-02-20 07:48:15.759&quot;,&quot;af_message&quot;:&quot;organic install&quot;,&quot;af_status&quot;:&quot;Organic&quot;,&quot;is_first_launch&quot;:false}</string>
</map>
