<?xml version='1.0' encoding='utf-8' standalone='yes' ?>
<map>
    <int name="AF_CACHE_VERSION" value="1" />
    <string name="prev_event_name">main_activity_on_create</string>
    <long name="prev_event_timestamp" value="1768574879424" />
    <boolean name="didSendRevenueTriggerOnLastBackground" value="false" />
    <int name="appsFlyerInAppEventCount" value="23" />
    <long name="prev_session_dur" value="5" />
    <long name="af_rc_max_age" value="86400" />
    <boolean name="ddl_sent" value="true" />
    <string name="sentSuccessfully">true</string>
    <string name="af_remote_config">eyJmZWF0dXJlcyI6e30sInZlciI6ImRlZmF1bHQudjEuMTYzNzE0OTUyOSJ9</string>
    <int name="versionCode" value="5040201" />
    <string name="savedProperties">{&quot;waitForCustomerId&quot;:&quot;false&quot;,&quot;logLevel&quot;:&quot;0&quot;,&quot;AppUserId&quot;:&quot;149392121&quot;}</string>
    <string name="AF_INSTALLATION">1768574362123-5041222210652736016</string>
    <boolean name="afUninstallToken_queued" value="false" />
    <int name="appsFlyerCount" value="16" />
    <long name="af_rc_timestamp" value="1768574371126" />
    <long name="AppsFlyerTimePassedSincePrevLaunch" value="1768574874250" />
    <boolean name="newGPReferrerSent" value="true" />
    <string name="appsFlyerFirstInstall">2026-01-16_200931+0530</string>
    <string name="attributionId">{&quot;engmnt_source&quot;:null,&quot;is_incentivized&quot;:&quot;false&quot;,&quot;orig_cost&quot;:&quot;0.0&quot;,&quot;authentication_type&quot;:&quot;not_authenticated&quot;,&quot;is_first_launch&quot;:false,&quot;af_click_lookback&quot;:&quot;7d&quot;,&quot;click_time&quot;:&quot;2026-01-16 05:54:10.423&quot;,&quot;is_branded_link&quot;:null,&quot;impid&quot;:&quot;inmobi_asia:c55a199f-019b-1000-fb13-7d00176a008a&quot;,&quot;campaign_id&quot;:&quot;3846893300401116889&quot;,&quot;install_time&quot;:&quot;2026-01-16 14:39:34.558&quot;,&quot;media_source&quot;:&quot;aarki_int&quot;,&quot;advertising_id&quot;:&quot;d5de3b60-b4d1-4dc6-afb3-23869fea3aa3&quot;,&quot;af_ref&quot;:&quot;aarki_d7f1g5cb296hv4YegQC0&quot;,&quot;af_siteid&quot;:&quot;com.truecaller&quot;,&quot;af_status&quot;:&quot;Non-organic&quot;,&quot;af_ad_id&quot;:&quot;0145c3e7340cee6e9754a239d456ccc1&quot;,&quot;af_reengagement_window&quot;:&quot;30d&quot;,&quot;af_sub_siteid&quot;:&quot;e407a7069edf3d1c7dcc230a85b44585cf2872bf&quot;,&quot;adset_id&quot;:null,&quot;http_referrer&quot;:null,&quot;campaign&quot;:&quot;Aarki|CBO|Hindi|RT||app|AR|Top Ads_ExpU|||Subs|IN|Performance|BAU|direct_purchase_99|KF_TV|Kishika|Dec 24&quot;,&quot;is_universal_link&quot;:null,&quot;is_retargeting&quot;:&quot;true&quot;,&quot;redirect_response_data&quot;:null,&quot;expires&quot;:&quot;1768557249&quot;,&quot;adgroup_id&quot;:null,&quot;signature&quot;:&quot;CmrE_mqDeAoy0U9pelqy4gTXXm7cD9A77YrJ73HU5ss&quot;,&quot;retargeting_conversion_type&quot;:&quot;none&quot;,&quot;CB_preload_equal_priority_enabled&quot;:false,&quot;af_cpi&quot;:null,&quot;iscache&quot;:true,&quot;adset&quot;:null,&quot;match_type&quot;:&quot;id_matching&quot;,&quot;af_channel&quot;:&quot;inmobi&quot;,&quot;af_pmod_lookback_window&quot;:&quot;15m&quot;,&quot;af_c_id&quot;:&quot;3846893300401116889&quot;,&quot;agency&quot;:null,&quot;clickid&quot;:&quot;d7f1g5cb296hv4YegQC0&quot;,&quot;af_lang&quot;:&quot;en&quot;,&quot;af_sub1&quot;:null,&quot;cost_cents_USD&quot;:&quot;0&quot;,&quot;af_sub5&quot;:null,&quot;af_sub4&quot;:null,&quot;af_adset&quot;:&quot;KukuTV_RT_273988-KTNE5576_HI_300x250_Ban-Fxd&quot;,&quot;af_sub3&quot;:null,&quot;af_sub2&quot;:null,&quot;esp_name&quot;:null,&quot;af_ad&quot;:&quot;KukuTV_RT_273988-KTNE5576_HI_300x250_Ban-Fxd&quot;,&quot;adgroup&quot;:null}</string>
</map>
