<?xml version='1.0' encoding='utf-8' standalone='yes' ?>
<map>
    <string name="prev_event_name">upi_autopay_apps_available</string>
    <int name="AF_CACHE_VERSION" value="1" />
    <long name="prev_event_timestamp" value="1771485747311" />
    <boolean name="didSendRevenueTriggerOnLastBackground" value="false" />
    <int name="appsFlyerInAppEventCount" value="9" />
    <long name="prev_session_dur" value="8" />
    <long name="af_rc_max_age" value="86400" />
    <boolean name="ddl_sent" value="true" />
    <int name="versionCode" value="5060701" />
    <string name="af_remote_config">eyJmZWF0dXJlcyI6e30sInZlciI6ImRlZmF1bHQudjEuMTYzNzE0OTUyOSJ9</string>
    <string name="savedProperties">{&quot;waitForCustomerId&quot;:&quot;false&quot;,&quot;logLevel&quot;:&quot;0&quot;,&quot;userEmails&quot;:&quot;{\&quot;plain_el_arr\&quot;:[\&quot;null\&quot;]}&quot;,&quot;AppUserId&quot;:&quot;296320498&quot;,&quot;userEmailsCryptType&quot;:&quot;0&quot;}</string>
    <string name="AF_INSTALLATION">1771485679090-5084034818987694214</string>
    <int name="appsFlyerCount" value="3" />
    <long name="af_rc_timestamp" value="1771485679737" />
    <long name="AppsFlyerTimePassedSincePrevLaunch" value="1771485738844" />
    <string name="appsFlyerFirstInstall">2026-02-19_125119+0530</string>
</map>
