<?xml version='1.0' encoding='utf-8' standalone='yes' ?>
<map>
    <int name="AF_CACHE_VERSION" value="1" />
    <string name="prev_event_name">free_trial_page_viewed</string>
    <long name="prev_event_timestamp" value="1769217758544" />
    <boolean name="didSendRevenueTriggerOnLastBackground" value="false" />
    <int name="appsFlyerInAppEventCount" value="12" />
    <long name="prev_session_dur" value="6" />
    <long name="af_rc_max_age" value="86400" />
    <boolean name="ddl_sent" value="true" />
    <string name="sentSuccessfully">true</string>
    <int name="versionCode" value="5040201" />
    <string name="af_remote_config">eyJmZWF0dXJlcyI6e30sInZlciI6ImRlZmF1bHQudjEuMTYzNzE0OTUyOSJ9</string>
    <string name="savedProperties">{&quot;waitForCustomerId&quot;:&quot;false&quot;,&quot;logLevel&quot;:&quot;0&quot;,&quot;AppUserId&quot;:&quot;159352746&quot;}</string>
    <string name="AF_INSTALLATION">1769217657109-7851469556134336684</string>
    <boolean name="afUninstallToken_queued" value="false" />
    <int name="appsFlyerCount" value="5" />
    <long name="af_rc_timestamp" value="1769217657732" />
    <long name="AppsFlyerTimePassedSincePrevLaunch" value="1769217751494" />
    <boolean name="newGPReferrerSent" value="true" />
    <string name="appsFlyerFirstInstall">2026-01-24_065057+0530</string>
    <string name="attributionId">{&quot;af_status&quot;:&quot;Organic&quot;,&quot;af_message&quot;:&quot;organic install&quot;,&quot;is_first_launch&quot;:false}</string>
</map>
