<?xml version='1.0' encoding='utf-8' standalone='yes' ?>
<map>
    <string name="prev_event_name">free_trial_page_viewed</string>
    <int name="AF_CACHE_VERSION" value="1" />
    <long name="prev_event_timestamp" value="1770121777889" />
    <boolean name="didSendRevenueTriggerOnLastBackground" value="false" />
    <int name="appsFlyerInAppEventCount" value="6" />
    <long name="prev_session_dur" value="12" />
    <long name="af_rc_max_age" value="86400" />
    <boolean name="ddl_sent" value="true" />
    <string name="sentSuccessfully">true</string>
    <int name="versionCode" value="5040900" />
    <string name="af_remote_config">eyJmZWF0dXJlcyI6e30sInZlciI6ImRlZmF1bHQudjEuMTYzNzE0OTUyOSJ9</string>
    <string name="savedProperties">{&quot;waitForCustomerId&quot;:&quot;false&quot;,&quot;logLevel&quot;:&quot;0&quot;,&quot;AppUserId&quot;:&quot;292577077&quot;}</string>
    <string name="AF_INSTALLATION">1770121729957-6317854380300811540</string>
    <boolean name="afUninstallToken_queued" value="false" />
    <int name="appsFlyerCount" value="2" />
    <long name="af_rc_timestamp" value="1770121730999" />
    <long name="AppsFlyerTimePassedSincePrevLaunch" value="1770121774493" />
    <string name="appsFlyerFirstInstall">2026-02-03_175850+0530</string>
    <string name="attributionId">{&quot;install_time&quot;:&quot;2026-02-03 12:28:57.150&quot;,&quot;af_message&quot;:&quot;organic install&quot;,&quot;af_status&quot;:&quot;Organic&quot;,&quot;is_first_launch&quot;:false}</string>
</map>
