<?xml version='1.0' encoding='utf-8' standalone='yes' ?>
<map>
    <long name="sites_visited_weekly_time" value="1768158621228" />
    <set name="related_sites_visited_weekly_set">
        <string>1911260545</string>
    </set>
    <string name="origins_visited_date">1/12/26</string>
    <set name="origins_visited_set">
        <string>1778564728</string>
        <string>3105367270</string>
    </set>
    <set name="sites_visited_weekly_set">
        <string>1432733664</string>
        <string>1911260545</string>
    </set>
</map>
