<?xml version='1.0' encoding='utf-8' standalone='yes' ?>
<map>
    <int name="teri.maa.ki.kali.choot.bhen.k.loode.classes.originalInstallVersionCode" value="5040201" />
    <long name="com.facebook.appevents.SessionInfo.sessionStartTime" value="1765385393184" />
    <long name="com.facebook.appevents.SessionInfo.sessionEndTime" value="1765385534782" />
    <boolean name="bg_startup_tracing" value="false" />
    <int name="com.facebook.appevents.SessionInfo.interruptionCount" value="9" />
    <long name="teri.maa.ki.kali.choot.bhen.k.loode.classes.cloneTimestamp" value="1765385101789" />
    <string name="com.facebook.appevents.SessionInfo.sessionId">5511a0d2-756e-4762-a099-6b90746b9a2c</string>
</map>
