<?xml version='1.0' encoding='utf-8' standalone='yes' ?>
<map>
    <boolean name="mlt_is_already_shown" value="false" />
    <boolean name="mlt_is_one_time_pause_shown" value="false" />
    <boolean name="night_mode" value="true" />
    <boolean name="is_main_activity_created" value="true" />
    <boolean name="onBackPressMlt" value="false" />
    <boolean name="more_like_this_show" value="false" />
    <boolean name="is_phone_hint_shown" value="true" />
    <string name="appsflyer_attribution_data">{&quot;af_status&quot;:&quot;Organic&quot;,&quot;af_message&quot;:&quot;organic install&quot;,&quot;is_first_launch&quot;:false}</string>
    <int name="last_logged_in_user_id_only_for_download_check" value="159282568" />
    <boolean name="is_upi_apps_availability_event_sent" value="true" />
    <boolean name="is_phonepe_gpay_availability_event_sent" value="true" />
    <string name="last_session_date_key">2026-01-25</string>
    <string name="signup_data">{&quot;isOtpAutoFilled&quot;:false,&quot;loginStartTime&quot;:0,&quot;otpLength&quot;:6,&quot;otpTime&quot;:0,&quot;selectedLanguages&quot;:[],&quot;splashOnCreateTime&quot;:1769332019169,&quot;userAdvertisingIdResponse&quot;:{&quot;country_iso_code&quot;:&quot;IN&quot;,&quot;default_login_option&quot;:&quot;phone_number&quot;,&quot;is_consumption_only&quot;:false,&quot;firebase_experiment_enabled&quot;:true,&quot;otp_auth_available&quot;:true,&quot;is_skip_login&quot;:false,&quot;login_background&quot;:&quot;https://images.cdn.kukufm.com/f:webp/https://s3.ap-south-1.amazonaws.com/kukufm/bg_images/kuku_tv_login_bg_v3_1738920753.png&quot;,&quot;login_options_layout&quot;:&quot;otp_login_first&quot;,&quot;login_via_email_enabled&quot;:false,&quot;login_via_fb_enabled&quot;:false,&quot;login_via_phone_enabled&quot;:true,&quot;multi_select&quot;:[],&quot;otp_country_codes&quot;:[&quot;91&quot;,&quot;1&quot;],&quot;primary_app_language_id&quot;:2,&quot;shared_login_enable&quot;:true,&quot;shared_login_timeout_millis&quot;:3000,&quot;should_show_otp_login_option&quot;:true,&quot;should_show_truecaller&quot;:true,&quot;show_default_gmail_popup&quot;:true,&quot;single_select&quot;:[&quot;marathi&quot;,&quot;hindi&quot;,&quot;tamil&quot;,&quot;bengali&quot;,&quot;telugu&quot;,&quot;kannada&quot;,&quot;malayalam&quot;],&quot;skip_onboarding_lang_screen&quot;:true}}</string>
    <string name="fcm_token">ePD1l5UtT0uEKUMn5ZtAIa:APA91bEW0zubJ2Pr1wX3ou8WC8LGMfGgqZAiBZJ-c5-Li3sxc2_F_9FUn9X0hOZfOTtYuCwLAd8E2nOV2Lz-xvNVVJqkU42BKvVCvDB9VCIZphWHPY37_7E</string>
    <string name="network_operator_name"></string>
    <long name="sleep_timer_future_milliseconds" value="0" />
    <string name="first_open_date">25 01 2026</string>
    <boolean name="guilt_dialog_shown_in_current_session" value="false" />
    <boolean name="first_vip_home_launch_for_new_user" value="false" />
    <int name="session_count_key" value="1" />
    <string name="advertising_id">d5de3b60-b4d1-4dc6-afb3-23869fea3aa3</string>
    <string name="sleep_timer_slug"></string>
    <string name="active_fb_link"></string>
    <long name="jwt_short_token_timestamp" value="1769339249" />
    <boolean name="mlt_one_minute_shown" value="false" />
    <string name="country_code">IN</string>
    <string name="unique_user_identifier">a1611d62-f03e-4c0f-a52f-659eed456911</string>
    <boolean name="onScrollUpMlt" value="false" />
    <string name="jwt_short_token">eyJhbGciOiJIUzUxMiIsInR5cCI6IkpXVCJ9.eyJ1c2VyX2lkIjoxNTkyODI1NjgsImV4cCI6MTc2OTMzOTI0OSwidW5pcXVlX2lkIjoiYjMxNDgwYjktYWQ3My00M2Y2LTlmNzUtYzQzZTgxMDc4ZjUxIn0.3aotQfjjS-mOAjEWiGacegUPwcAnl0MAXV_y92V8HnQhdpL0i_v5qp4tADLVmhXdmAdoVr2v8y7VtSAJXV884A</string>
    <string name="jwt_long_token">eyJhbGciOiJIUzUxMiIsInR5cCI6IkpXVCJ9.eyJ1c2VyX2lkIjoxNTkyODI1NjgsImV4cCI6MTc3MTkyNDA0OSwidW5pcXVlX2lkIjoiYjMxNDgwYjktYWQ3My00M2Y2LTlmNzUtYzQzZTgxMDc4ZjUxIn0.3ac97i2e0IClaW7V2_JqQX5weozvhrcjaWxsDcyL6gsbDfUMDLJct6euyjZad_H_mN9PExjsix5sfioDL_cOvg</string>
    <boolean name="is_logout_clicked" value="false" />
    <long name="jwt_refresh_token_timestamp" value="1771924049" />
    <boolean name="first_home_launch_for_new_user" value="false" />
    <string name="network_type">MOBILE DATA</string>
    <string name="user">{&quot;age_bracket&quot;:&quot;&quot;,&quot;bio&quot;:&quot;Play What You Love&quot;,&quot;can_pause_premium&quot;:true,&quot;country_iso_code&quot;:&quot;&quot;,&quot;daily_listening_time&quot;:0,&quot;dynamic_link&quot;:&quot;https://links.kukufm.com/4QMZAS&quot;,&quot;enable_chat_on_settings&quot;:false,&quot;id&quot;:159282568,&quot;incognito_mode&quot;:false,&quot;is_user_anonymous&quot;:false,&quot;is_audio_language_visible&quot;:false,&quot;is_blocked&quot;:false,&quot;is_campaign_user&quot;:false,&quot;is_participant&quot;:false,&quot;is_checked&quot;:false,&quot;is_coin_mandate_active&quot;:false,&quot;is_content_lang_selected&quot;:false,&quot;is_creator&quot;:false,&quot;is_d0_user&quot;:false,&quot;is_mail_verified&quot;:false,&quot;is_existing_subscriber&quot;:false,&quot;is_following&quot;:false,&quot;is_gamification_enabled&quot;:false,&quot;is_invited&quot;:false,&quot;is_new_user&quot;:false,&quot;is_onboarding_complete&quot;:false,&quot;is_participated&quot;:false,&quot;is_phone_verified&quot;:true,&quot;is_pip_mode_enabled&quot;:false,&quot;has_premium&quot;:true,&quot;refer_n_invite_eligible&quot;:false,&quot;refer_n_invite_eligible_v2&quot;:false,&quot;is_renewal_user&quot;:false,&quot;is_scratch_card_enable&quot;:false,&quot;is_self&quot;:false,&quot;uber_premium&quot;:false,&quot;is_week0_user&quot;:false,&quot;mins_listened&quot;:0,&quot;n_listens&quot;:0,&quot;n_plays&quot;:0,&quot;n_reads&quot;:0,&quot;name&quot;:&quot;Retro_Innovator245f&quot;,&quot;notification&quot;:false,&quot;occupation&quot;:&quot;&quot;,&quot;rank&quot;:0,&quot;show_sticky_ribbon&quot;:false,&quot;target_time&quot;:0,&quot;total_points&quot;:0,&quot;uuid&quot;:&quot;420e1ded3dfb447c8bcf1a1d15f15c9e&quot;}</string>
    <boolean name="mlt_is_ads_watching_started" value="false" />
</map>
