<?xml version='1.0' encoding='utf-8' standalone='yes' ?>
<map>
    <int name="teri.maa.ki.kali.choot.bhen.k.loode.classes.originalInstallVersionCode" value="5040201" />
    <long name="com.facebook.appevents.SessionInfo.sessionStartTime" value="1764047847101" />
    <long name="com.facebook.appevents.SessionInfo.sessionEndTime" value="1764047946872" />
    <boolean name="bg_startup_tracing" value="false" />
    <int name="com.facebook.appevents.SessionInfo.interruptionCount" value="5" />
    <long name="teri.maa.ki.kali.choot.bhen.k.loode.classes.cloneTimestamp" value="1764047790625" />
    <string name="com.facebook.appevents.SessionInfo.sessionId">626b7a74-489c-409e-a10b-e18fdb8ba8b7</string>
</map>
