<?xml version='1.0' encoding='utf-8' standalone='yes' ?>
<map>
    <boolean name="measurement_enabled_from_api" value="true" />
    <long name="last_upload" value="1772246406697" />
    <long name="first_open_time" value="1772246394346" />
    <string name="gmp_app_id">1:850220037081:android:b8207ac4075b5e11275fc8</string>
    <string name="app_instance_id">9c5fb486a0f4d1a0e0205c23cbad687b</string>
    <long name="deep_link_retrieval_attempts" value="1" />
    <long name="session_id" value="1772246394" />
    <boolean name="app_backgrounded" value="true" />
    <long name="health_monitor:start" value="1772246394639" />
    <boolean name="deferred_analytics_collection" value="false" />
    <long name="last_delete_stale" value="1877351925" />
    <string name="previous_os_version">9</string>
    <boolean name="measurement_enabled" value="true" />
    <boolean name="has_been_opened" value="true" />
    <string name="health_monitor:value">2WC118003:Service invalid</string>
    <boolean name="allow_remote_dynamite" value="true" />
    <long name="last_pause_time" value="1772246645858" />
    <long name="midnight_offset" value="83624441" />
    <boolean name="start_new_session" value="false" />
    <long name="health_monitor:count" value="7" />
    <long name="last_upload_attempt" value="0" />
</map>
