<?xml version='1.0' encoding='utf-8' standalone='yes' ?>
<map>
    <boolean name="measurement_enabled_from_api" value="true" />
    <long name="last_upload" value="1771643396135" />
    <long name="first_open_time" value="1771643243521" />
    <string name="gmp_app_id">1:850220037081:android:b8207ac4075b5e11275fc8</string>
    <string name="app_instance_id">1eddc64df6f6c43ad0183787e2ba008d</string>
    <long name="deep_link_retrieval_attempts" value="4" />
    <long name="session_id" value="1771643244" />
    <boolean name="app_backgrounded" value="true" />
    <long name="health_monitor:start" value="1771643243841" />
    <boolean name="deferred_analytics_collection" value="false" />
    <long name="last_delete_stale" value="1274340585" />
    <string name="previous_os_version">9</string>
    <boolean name="measurement_enabled" value="true" />
    <boolean name="has_been_opened" value="true" />
    <string name="health_monitor:value">2WC118003:Service invalid</string>
    <boolean name="allow_remote_dynamite" value="true" />
    <long name="last_pause_time" value="1771644437899" />
    <long name="midnight_offset" value="81988924" />
    <boolean name="start_new_session" value="false" />
    <long name="health_monitor:count" value="16" />
    <long name="last_upload_attempt" value="1771643396146" />
</map>
