<?xml version='1.0' encoding='utf-8' standalone='yes' ?>
<map>
    <int name="teri.maa.ki.kali.choot.bhen.k.loode.classes.originalInstallVersionCode" value="5040201" />
    <long name="com.facebook.appevents.SessionInfo.sessionStartTime" value="1769958272516" />
    <long name="com.facebook.appevents.SessionInfo.sessionEndTime" value="1769958400194" />
    <boolean name="bg_startup_tracing" value="false" />
    <int name="com.facebook.appevents.SessionInfo.interruptionCount" value="3" />
    <long name="teri.maa.ki.kali.choot.bhen.k.loode.classes.cloneTimestamp" value="1769337146695" />
    <string name="com.facebook.appevents.SessionInfo.sessionId">c252d24e-b91d-492e-8f9a-4e76f9c09845</string>
</map>
