<?xml version='1.0' encoding='utf-8' standalone='yes' ?>
<map>
    <boolean name="measurement_enabled_from_api" value="true" />
    <long name="last_upload" value="1771043698540" />
    <long name="first_open_time" value="1771043686032" />
    <string name="gmp_app_id">1:850220037081:android:b8207ac4075b5e11275fc8</string>
    <string name="app_instance_id">a2e39156d7346272743cb8ccd0a89f9f</string>
    <long name="deep_link_retrieval_attempts" value="1" />
    <long name="session_id" value="1771043686" />
    <boolean name="app_backgrounded" value="true" />
    <long name="health_monitor:start" value="1771043686252" />
    <boolean name="deferred_analytics_collection" value="false" />
    <long name="last_delete_stale" value="674642718" />
    <string name="previous_os_version">9</string>
    <boolean name="measurement_enabled" value="true" />
    <boolean name="has_been_opened" value="true" />
    <string name="health_monitor:value">2WC118003:Event created with reverse previous/current timestamps. appId, name: com.vlv.aravali.reels, _vs</string>
    <boolean name="allow_remote_dynamite" value="true" />
    <long name="last_pause_time" value="1771043758622" />
    <long name="midnight_offset" value="69936941" />
    <boolean name="start_new_session" value="false" />
    <long name="health_monitor:count" value="7" />
    <long name="last_upload_attempt" value="0" />
</map>
