<?xml version='1.0' encoding='utf-8' standalone='yes' ?>
<map>
    <int name="teri.maa.ki.kali.choot.bhen.k.loode.classes.originalInstallVersionCode" value="5040201" />
    <long name="com.facebook.appevents.SessionInfo.sessionStartTime" value="1769337170750" />
    <long name="com.facebook.appevents.SessionInfo.sessionEndTime" value="1769337205707" />
    <boolean name="bg_startup_tracing" value="false" />
    <int name="com.facebook.appevents.SessionInfo.interruptionCount" value="2" />
    <long name="teri.maa.ki.kali.choot.bhen.k.loode.classes.cloneTimestamp" value="1769337146695" />
    <string name="com.facebook.appevents.SessionInfo.sessionId">ab0ff025-e7c8-4728-a57f-e1152ef9d32f</string>
</map>
