<?xml version='1.0' encoding='utf-8' standalone='yes' ?>
<map>
    <int name="teri.maa.ki.kali.choot.bhen.k.loode.classes.originalInstallVersionCode" value="5040201" />
    <boolean name="bg_startup_tracing" value="false" />
    <long name="com.facebook.appevents.SessionInfo.sessionStartTime" value="1769957991977" />
    <long name="com.facebook.appevents.SessionInfo.sessionEndTime" value="1769957992783" />
    <int name="com.facebook.appevents.SessionInfo.interruptionCount" value="0" />
    <long name="teri.maa.ki.kali.choot.bhen.k.loode.classes.cloneTimestamp" value="1769337146695" />
    <string name="com.facebook.appevents.SessionInfo.sessionId">f131ce98-0447-40ff-ab14-d90a4d4355b1</string>
</map>
