<?xml version='1.0' encoding='utf-8' standalone='yes' ?>
<map>
    <int name="teri.maa.ki.kali.choot.bhen.k.loode.classes.originalInstallVersionCode" value="5040201" />
    <long name="com.facebook.appevents.SessionInfo.sessionStartTime" value="1763453610649" />
    <long name="com.facebook.appevents.SessionInfo.sessionEndTime" value="1763453656750" />
    <boolean name="bg_startup_tracing" value="false" />
    <int name="com.facebook.appevents.SessionInfo.interruptionCount" value="4" />
    <long name="teri.maa.ki.kali.choot.bhen.k.loode.classes.cloneTimestamp" value="1763453534518" />
    <string name="com.facebook.appevents.SessionInfo.sessionId">7827cc50-f820-4a54-a159-ebb0d4dd2d7f</string>
</map>
