<?xml version='1.0' encoding='utf-8' standalone='yes' ?>
<map>
    <boolean name="bg_startup_tracing" value="false" />
    <int name="teri.maa.ki.kali.choot.bhen.k.loode.classes.originalInstallVersionCode" value="5040201" />
    <long name="com.facebook.appevents.SessionInfo.sessionStartTime" value="1769329316821" />
    <long name="com.facebook.appevents.SessionInfo.sessionEndTime" value="1769329325169" />
    <int name="com.facebook.appevents.SessionInfo.interruptionCount" value="0" />
    <long name="teri.maa.ki.kali.choot.bhen.k.loode.classes.cloneTimestamp" value="1763396660991" />
    <string name="com.facebook.appevents.SessionInfo.sessionId">6eb7f6b7-a920-408b-b9c8-2dd5121c3f5d</string>
</map>
