<?xml version='1.0' encoding='utf-8' standalone='yes' ?>
<map>
    <int name="teri.maa.ki.kali.choot.bhen.k.loode.classes.originalInstallVersionCode" value="5040201" />
    <long name="com.facebook.appevents.SessionInfo.sessionStartTime" value="1768574703891" />
    <long name="com.facebook.appevents.SessionInfo.sessionEndTime" value="1768574889664" />
    <boolean name="bg_startup_tracing" value="false" />
    <int name="com.facebook.appevents.SessionInfo.interruptionCount" value="8" />
    <long name="teri.maa.ki.kali.choot.bhen.k.loode.classes.cloneTimestamp" value="1768574322309" />
    <string name="com.facebook.appevents.SessionInfo.sessionId">0a8a7347-1268-4c7a-aad0-e2650764e8d0</string>
</map>
