<?xml version='1.0' encoding='utf-8' standalone='yes' ?>
<map>
    <boolean name="measurement_enabled_from_api" value="true" />
    <long name="last_upload" value="1770354960668" />
    <long name="first_open_time" value="1770354943795" />
    <string name="gmp_app_id">1:850220037081:android:b8207ac4075b5e11275fc8</string>
    <string name="app_instance_id">0fb2e57ee6dc5d027dfc5449af792bd8</string>
    <long name="deep_link_retrieval_attempts" value="1" />
    <long name="session_id" value="1770354945" />
    <boolean name="app_backgrounded" value="true" />
    <long name="health_monitor:start" value="1770354944775" />
    <boolean name="deferred_analytics_collection" value="false" />
    <string name="previous_os_version">10</string>
    <boolean name="measurement_enabled" value="true" />
    <boolean name="has_been_opened" value="true" />
    <string name="health_monitor:value">2WC118003:Callable skipped the worker queue.</string>
    <boolean name="allow_remote_dynamite" value="true" />
    <long name="last_pause_time" value="1770355017773" />
    <long name="midnight_offset" value="86219114" />
    <boolean name="start_new_session" value="false" />
    <long name="health_monitor:count" value="5" />
    <long name="last_upload_attempt" value="0" />
</map>
