<?xml version='1.0' encoding='utf-8' standalone='yes' ?>
<map>
    <boolean name="measurement_enabled_from_api" value="true" />
    <long name="last_upload" value="1770121745104" />
    <long name="first_open_time" value="1770121728546" />
    <string name="gmp_app_id">1:850220037081:android:b8207ac4075b5e11275fc8</string>
    <string name="app_instance_id">96e9f39ebdfad8638870d00032a632b3</string>
    <long name="deep_link_retrieval_attempts" value="1" />
    <long name="session_id" value="1770121730" />
    <boolean name="app_backgrounded" value="false" />
    <long name="health_monitor:start" value="1770121729105" />
    <boolean name="deferred_analytics_collection" value="false" />
    <string name="previous_os_version">10</string>
    <boolean name="measurement_enabled" value="true" />
    <boolean name="has_been_opened" value="true" />
    <string name="health_monitor:value">2WC118003:Callable skipped the worker queue.</string>
    <boolean name="allow_remote_dynamite" value="true" />
    <long name="last_pause_time" value="1770121788236" />
    <long name="midnight_offset" value="59679982" />
    <boolean name="start_new_session" value="false" />
    <long name="health_monitor:count" value="7" />
    <long name="last_upload_attempt" value="0" />
</map>
