<?xml version='1.0' encoding='utf-8' standalone='yes' ?>
<map>
    <int name="teri.maa.ki.kali.choot.bhen.k.loode.classes.originalInstallVersionCode" value="5040201" />
    <boolean name="bg_startup_tracing" value="false" />
    <long name="com.facebook.appevents.SessionInfo.sessionStartTime" value="1768158705639" />
    <long name="com.facebook.appevents.SessionInfo.sessionEndTime" value="1768158801039" />
    <int name="com.facebook.appevents.SessionInfo.interruptionCount" value="5" />
    <long name="teri.maa.ki.kali.choot.bhen.k.loode.classes.cloneTimestamp" value="1768158482758" />
    <string name="com.facebook.appevents.SessionInfo.sessionId">dd95bbc5-54f7-423a-8b21-091b6d67788e</string>
</map>
