<?xml version='1.0' encoding='utf-8' standalone='yes' ?>
<map>
    <int name="teri.maa.ki.kali.choot.bhen.k.loode.classes.originalInstallVersionCode" value="5040201" />
    <boolean name="bg_startup_tracing" value="false" />
    <long name="com.facebook.appevents.SessionInfo.sessionStartTime" value="1763397070473" />
    <long name="com.facebook.appevents.SessionInfo.sessionEndTime" value="1763397130763" />
    <int name="com.facebook.appevents.SessionInfo.interruptionCount" value="3" />
    <long name="teri.maa.ki.kali.choot.bhen.k.loode.classes.cloneTimestamp" value="1763396660991" />
    <string name="com.facebook.appevents.SessionInfo.sessionId">89541c62-7e89-407c-974e-f969dcacd0f9</string>
</map>
