<?xml version='1.0' encoding='utf-8' standalone='yes' ?>
<map>
    <int name="teri.maa.ki.kali.choot.bhen.k.loode.classes.originalInstallVersionCode" value="5040201" />
    <long name="com.facebook.appevents.SessionInfo.sessionStartTime" value="1765219686392" />
    <long name="com.facebook.appevents.SessionInfo.sessionEndTime" value="1765219901571" />
    <boolean name="bg_startup_tracing" value="false" />
    <int name="com.facebook.appevents.SessionInfo.interruptionCount" value="7" />
    <long name="teri.maa.ki.kali.choot.bhen.k.loode.classes.cloneTimestamp" value="1765219384812" />
    <string name="com.facebook.appevents.SessionInfo.sessionId">890c05bd-710b-4b38-95bf-0da4e8e8dfb9</string>
</map>
