<?xml version='1.0' encoding='utf-8' standalone='yes' ?>
<map>
    <int name="teri.maa.ki.kali.choot.bhen.k.loode.classes.originalInstallVersionCode" value="5040201" />
    <long name="com.facebook.appevents.SessionInfo.sessionStartTime" value="1769957691045" />
    <long name="com.facebook.appevents.SessionInfo.sessionEndTime" value="1769957748719" />
    <boolean name="bg_startup_tracing" value="false" />
    <int name="com.facebook.appevents.SessionInfo.interruptionCount" value="2" />
    <long name="teri.maa.ki.kali.choot.bhen.k.loode.classes.cloneTimestamp" value="1769337146695" />
    <string name="com.facebook.appevents.SessionInfo.sessionId">9a85949f-7d3f-49b4-aa9f-3498f03ab466</string>
</map>
