<?xml version='1.0' encoding='utf-8' standalone='yes' ?>
<map>
    <int name="teri.maa.ki.kali.choot.bhen.k.loode.classes.originalInstallVersionCode" value="5040201" />
    <boolean name="bg_startup_tracing" value="false" />
    <long name="com.facebook.appevents.SessionInfo.sessionStartTime" value="1767637930138" />
    <long name="com.facebook.appevents.SessionInfo.sessionEndTime" value="1767638024426" />
    <int name="com.facebook.appevents.SessionInfo.interruptionCount" value="3" />
    <long name="teri.maa.ki.kali.choot.bhen.k.loode.classes.cloneTimestamp" value="1767627964215" />
    <string name="com.facebook.appevents.SessionInfo.sessionId">b1b18dfd-d63c-47bc-b0cb-bb1a0aaae596</string>
</map>
