<?xml version='1.0' encoding='utf-8' standalone='yes' ?>
<map>
    <int name="teri.maa.ki.kali.choot.bhen.k.loode.classes.originalInstallVersionCode" value="5040201" />
    <long name="com.facebook.appevents.SessionInfo.sessionStartTime" value="1769885118289" />
    <long name="com.facebook.appevents.SessionInfo.sessionEndTime" value="1769885196860" />
    <boolean name="bg_startup_tracing" value="false" />
    <int name="com.facebook.appevents.SessionInfo.interruptionCount" value="3" />
    <long name="teri.maa.ki.kali.choot.bhen.k.loode.classes.cloneTimestamp" value="1769337146695" />
    <string name="com.facebook.appevents.SessionInfo.sessionId">ea209a15-0eef-4bc3-9cb5-c431d8efc0a8</string>
</map>
