<?xml version='1.0' encoding='utf-8' standalone='yes' ?>
<map>
    <int name="teri.maa.ki.kali.choot.bhen.k.loode.classes.originalInstallVersionCode" value="5040201" />
    <long name="com.facebook.appevents.SessionInfo.sessionStartTime" value="1768398007584" />
    <long name="com.facebook.appevents.SessionInfo.sessionEndTime" value="1768398132758" />
    <boolean name="bg_startup_tracing" value="false" />
    <int name="com.facebook.appevents.SessionInfo.interruptionCount" value="6" />
    <long name="teri.maa.ki.kali.choot.bhen.k.loode.classes.cloneTimestamp" value="1768397969522" />
    <string name="com.facebook.appevents.SessionInfo.sessionId">2a8b5fd8-eb96-4194-b836-ab21f8def9cb</string>
</map>
