<?xml version='1.0' encoding='utf-8' standalone='yes' ?>
<map>
    <int name="teri.maa.ki.kali.choot.bhen.k.loode.classes.originalInstallVersionCode" value="5040201" />
    <long name="com.facebook.appevents.SessionInfo.sessionStartTime" value="1764671485942" />
    <long name="com.facebook.appevents.SessionInfo.sessionEndTime" value="1764671598771" />
    <boolean name="bg_startup_tracing" value="false" />
    <int name="com.facebook.appevents.SessionInfo.interruptionCount" value="7" />
    <long name="teri.maa.ki.kali.choot.bhen.k.loode.classes.cloneTimestamp" value="1764616768294" />
    <string name="com.facebook.appevents.SessionInfo.sessionId">31819bfc-9995-42a3-aeb4-a5c03d356e66</string>
</map>
