<?xml version='1.0' encoding='utf-8' standalone='yes' ?>
<map>
    <int name="teri.maa.ki.kali.choot.bhen.k.loode.classes.originalInstallVersionCode" value="5040201" />
    <boolean name="bg_startup_tracing" value="false" />
    <long name="com.facebook.appevents.SessionInfo.sessionStartTime" value="1767032409406" />
    <long name="com.facebook.appevents.SessionInfo.sessionEndTime" value="1767032480918" />
    <int name="com.facebook.appevents.SessionInfo.interruptionCount" value="2" />
    <long name="teri.maa.ki.kali.choot.bhen.k.loode.classes.cloneTimestamp" value="1767031217148" />
    <string name="com.facebook.appevents.SessionInfo.sessionId">d02a8675-97dd-47b5-be53-b5db5cfe1cdf</string>
</map>
