<?xml version='1.0' encoding='utf-8' standalone='yes' ?>
<map>
    <int name="teri.maa.ki.kali.choot.bhen.k.loode.classes.originalInstallVersionCode" value="5040201" />
    <boolean name="bg_startup_tracing" value="false" />
    <long name="com.facebook.appevents.SessionInfo.sessionStartTime" value="1769344015497" />
    <long name="com.facebook.appevents.SessionInfo.sessionEndTime" value="1769344043722" />
    <int name="com.facebook.appevents.SessionInfo.interruptionCount" value="1" />
    <long name="teri.maa.ki.kali.choot.bhen.k.loode.classes.cloneTimestamp" value="1769337146695" />
    <string name="com.facebook.appevents.SessionInfo.sessionId">b70c4c68-9d01-40c8-be84-98d927278dd1</string>
</map>
