<?xml version='1.0' encoding='utf-8' standalone='yes' ?>
<map>
    <set name="android-installer/com.android.packageinstaller fire-installations/18.0.0 device-brand/Redmi fire-rc/22.1.0 fire-auth/23.2.0 kotlin/2.2.0 device-name/lime_in android-min-sdk/23 fire-dl/22.1.0 fire-android/28 fire-abt/21.1.1 fire-core/21.0.0 device-model/lime fire-core-ktx/21.0.0 fire-perf/21.0.4 fire-analytics/22.3.0 android-platform/ fire-fcm/24.1.0 android-target-sdk/35 fire-transport/19.0.0 fire-sessions/2.0.9 fire-cls/19.4.1">
        <string>2026-02-14</string>
    </set>
    <long name="fire-count" value="1" />
    <string name="last-used-date">2026-02-14</string>
    <long name="fire-global" value="1771043740718" />
</map>
