<?xml version='1.0' encoding='utf-8' standalone='yes' ?>
<map>
    <string name="APP_UUID">84216892-4ef2-44f9-b35b-0b9ca0713ef7</string>
    <string name="core_feature_usage">{}</string>
    <long name="last_config_sync_time" value="1771563303209" />
    <string name="core_moengage_environment">DEFAULT</string>
    <string name="core_debugger_log_config">{&quot;logLevel&quot;:0,&quot;isLoggingEnabled&quot;:false,&quot;expiryTime&quot;:-1}</string>
    <string name="core_device_unique_id">c55a70ed-3275-44a0-8103-3f974cae8936</string>
</map>
