{"Fid":"clyqmUzeSIqvXwrhHFm74B","Status":3,"AuthToken":"eyJhbGciOiJFUzI1NiIsInR5cCI6IkpXVCJ9.eyJhcHBJZCI6IjE6ODUwMjIwMDM3MDgxOmFuZHJvaWQ6YjgyMDdhYzQwNzViNWUxMTI3NWZjOCIsImV4cCI6MTc3MDcwOTYzMSwiZmlkIjoiY2x5cW1VemVTSXF2WHdyaEhGbTc0QiIsInByb2plY3ROdW1iZXIiOjg1MDIyMDAzNzA4MX0.AB2LPV8wRAIgcCTIrvYICucxqcV8UI94f8Say168vFkw_dfWQkNDv3ACIA7eybhXOkPB0j8qubmUEzNksn-jxvBP9kCota7cm0j3","RefreshToken":"3_AS3qfwKvj2SPnSNTJeXBAqwqAUySEyPLbEvW78d3UsVFy8iX0BPgLrInfgjlpYJbg8o7cnFBzdOLW35-FCqogeNQKxCJgLeC0QOcUMdbTvN04Q","TokenCreationEpochInSecs":1770104831,"ExpiresInSecs":604800}