{"Fid":"fkmQvRBZRTK6ddPWqJu3aR","Status":3,"AuthToken":"eyJhbGciOiJFUzI1NiIsInR5cCI6IkpXVCJ9.eyJhcHBJZCI6IjE6ODUwMjIwMDM3MDgxOmFuZHJvaWQ6YjgyMDdhYzQwNzViNWUxMTI3NWZjOCIsImV4cCI6MTc3MDgyODU4MCwiZmlkIjoiZmttUXZSQlpSVEs2ZGRQV3FKdTNhUiIsInByb2plY3ROdW1iZXIiOjg1MDIyMDAzNzA4MX0.AB2LPV8wRAIgNfppxme3DEewIKVYIYo3pX-SL-qR-IZsMqG5Q_6tWloCIEsSlj4ukEC1K6gK3FELc4HJBn8_LAXfYHs83Et5OQNL","RefreshToken":"3_AS3qfwKMjWzKhb8SoXP0gUHLnAP_dxUfKhgAJ6rfXM6rdIiUAns65TSx2swaIEJMbexkgECjKoF5H-hqy6F9Wtf76std8dcOASkSpAZDMHD7Ig","TokenCreationEpochInSecs":1770223779,"ExpiresInSecs":604800}