{"Fid":"frbaZEU-SVy7g-ksuHZWQq","Status":3,"AuthToken":"eyJhbGciOiJFUzI1NiIsInR5cCI6IkpXVCJ9.eyJhcHBJZCI6IjE6ODUwMjIwMDM3MDgxOmFuZHJvaWQ6YjgyMDdhYzQwNzViNWUxMTI3NWZjOCIsImV4cCI6MTc2OTk0ODUyNSwiZmlkIjoiZnJiYVpFVS1TVnk3Zy1rc3VIWldRcSIsInByb2plY3ROdW1iZXIiOjg1MDIyMDAzNzA4MX0.AB2LPV8wRgIhAN0B3d9XqyuPGsFnz1KVL4kqVEpeqBL3AYHsqro2QozTAiEAh9cleNrPXC4W9elcuFjmoj6Mru_DOvSK8SoRbHQwEMk","RefreshToken":"3_AS3qfwIW4nCGaH13uZ4frfs5sLGG9Om2jHBKZK_zJ1o7QUl5yTcRJV77EiAc-8z27ySp-EysnIxHxkyQiM6TtAmbCB_gwhRgrpvXbic9isz-szE","TokenCreationEpochInSecs":1769343725,"ExpiresInSecs":604800}