{"Fid":"eV8cPqYdRkueU_7rs-bKFB","Status":3,"AuthToken":"eyJhbGciOiJFUzI1NiIsInR5cCI6IkpXVCJ9.eyJhcHBJZCI6IjE6ODUwMjIwMDM3MDgxOmFuZHJvaWQ6YjgyMDdhYzQwNzViNWUxMTI3NWZjOCIsImV4cCI6MTc3MjA5MDQ3OSwiZmlkIjoiZVY4Y1BxWWRSa3VlVV83cnMtYktGQiIsInByb2plY3ROdW1iZXIiOjg1MDIyMDAzNzA4MX0.AB2LPV8wRAIgDcR6df_vKy9koFw5eChCvdUjMdTg5wuiDACJciSxdYMCIGLWM3LDllt7zLm8AQTJY9gz7CQZgQnb5uFkNXyDhPxp","RefreshToken":"3_AS3qfwL9VRcfE4iuKIDzXutkYDmVn10dwYVzfVmcpu-HItiSSKxsojUkT3XReEzYeIdZXEoCDgFcEcrRcFgzFg9X57Tz3AjDeNrqfJWfY9xpyuk","TokenCreationEpochInSecs":1771485679,"ExpiresInSecs":604800}