{"Fid":"c_SIWpzHQCif8mKFnvIpzn","Status":3,"AuthToken":"eyJhbGciOiJFUzI1NiIsInR5cCI6IkpXVCJ9.eyJhcHBJZCI6IjE6ODUwMjIwMDM3MDgxOmFuZHJvaWQ6YjgyMDdhYzQwNzViNWUxMTI3NWZjOCIsImV4cCI6MTc2NDAwMTUwOSwiZmlkIjoiY19TSVdwekhRQ2lmOG1LRm52SXB6biIsInByb2plY3ROdW1iZXIiOjg1MDIyMDAzNzA4MX0.AB2LPV8wRAIgV9rn2VOMfKM9Vli7QoVKaBYW8C47HCRDfUJgSYD9PZMCIBgaoHzlS99OesvRBv26nbxMHH5yKJRTUOcVzHf8v0JW","RefreshToken":"3_AS3qfwLTi8v7YwYlN07P2VSQJzQfZniQZMGKYxxsyHh-h7PMvhB7aVfXRD4AFW958jqTUwuV2tSx6zFqplddlKB-06EgviakKWpv0DHHMBMhVD0","TokenCreationEpochInSecs":1763396709,"ExpiresInSecs":604800}