{"Fid":"eK5Q8t34SeS8hioMgXp_RK","Status":3,"AuthToken":"eyJhbGciOiJFUzI1NiIsInR5cCI6IkpXVCJ9.eyJhcHBJZCI6IjE6ODUwMjIwMDM3MDgxOmFuZHJvaWQ6YjgyMDdhYzQwNzViNWUxMTI3NWZjOCIsImV4cCI6MTc3MjE2ODAwNCwiZmlkIjoiZUs1UTh0MzRTZVM4aGlvTWdYcF9SSyIsInByb2plY3ROdW1iZXIiOjg1MDIyMDAzNzA4MX0.AB2LPV8wQwIfSg4LUm-8z2lN432fHCo_iv2wgpXTwjhtisJx4aDJ5gIgcuRYAYDNgXEL64iITYtttcVH3ArEPPzJTTrL54dFGwE","RefreshToken":"3_AS3qfwKBpzO27VTc5S2X1ZEIOJTVVSKW-sryUBK3MbVGcot8IcRu1dd0lmTTfPaYDgPO__EY3byo78l6hYFBWGW1J50YwUy-WMEJkf7msLOqhQ","TokenCreationEpochInSecs":1771563204,"ExpiresInSecs":604800}