{"Fid":"eEauVVFBRI6vDogWFaE2jp","Status":3,"AuthToken":"eyJhbGciOiJFUzI1NiIsInR5cCI6IkpXVCJ9.eyJhcHBJZCI6IjE6ODUwMjIwMDM3MDgxOmFuZHJvaWQ6YjgyMDdhYzQwNzViNWUxMTI3NWZjOCIsImV4cCI6MTc3MjE3MjU4MCwiZmlkIjoiZUVhdVZWRkJSSTZ2RG9nV0ZhRTJqcCIsInByb2plY3ROdW1iZXIiOjg1MDIyMDAzNzA4MX0.AB2LPV8wRQIhAKwHHIxXKU-xJiJLUyU1CXBPFBt0GRCs-Gv89BWBhWaAAiBDviITm4WLH0kCzG8NkXue7J77b8dEzjycuC6Ib81dAw","RefreshToken":"3_AS3qfwJxpZiPOeBfuKqXvbyAj_TwCWAZPNcNj8FkkXNeIrza9rgtcszT2rpRW-PtAtO2_moGIx44W92aiqOV_nMkLt7VUd9I1LoL-yYi0PrTA1k","TokenCreationEpochInSecs":1771567780,"ExpiresInSecs":604800}