{"Fid":"eb7TTRpfQ6S-EhqBg8-EL0","Status":3,"AuthToken":"eyJhbGciOiJFUzI1NiIsInR5cCI6IkpXVCJ9.eyJhcHBJZCI6IjE6ODUwMjIwMDM3MDgxOmFuZHJvaWQ6YjgyMDdhYzQwNzViNWUxMTI3NWZjOCIsImV4cCI6MTc3MTkwODg5NCwiZmlkIjoiZWI3VFRScGZRNlMtRWhxQmc4LUVMMCIsInByb2plY3ROdW1iZXIiOjg1MDIyMDAzNzA4MX0.AB2LPV8wRAIgc6cxeiVlDa3Ptyh0Qih7kxgWXlbCpEW0HZ5OJgsGfOYCICa0Qe52N82Nf0caRcijeXfF_SOnBYBY7n5Tzxpl7oHm","RefreshToken":"3_AS3qfwIoKDG5QZqDd3hfsVB85Paa8_EF1UoT9iUM5YG1HOSXz-VeU3egxWSyGCOJ5BVHAkNjbSl9jsT_IWbW3G8jnWygTHDcXORT8huWjHqZDw","TokenCreationEpochInSecs":1771304094,"ExpiresInSecs":604800}